{"55 Cnc b": "55 Cnc", "55 Cnc c": "55 Cnc", "55 Cnc d": "55 Cnc", "55 Cnc e": "55 Cnc", "55 Cnc f": "55 Cnc", "DMPP-1 b": "DMPP-1", "DMPP-1 c": "DMPP-1", "DMPP-1 d": "DMPP-1", "DMPP-1 e": "DMPP-1", "HIP 41378 b": "HIP 41378", "HIP 41378 c": "HIP 41378", "HIP 41378 d": "HIP 41378", "HIP 41378 e": "HIP 41378", "HIP 41378 f": "HIP 41378", "HR 8799 b": "HR 8799", "HR 8799 c": "HR 8799", "HR 8799 d": "HR 8799", "HR 8799 e": "HR 8799", "KOI-1831 d": "Kepler-324", "KOI-94 b": "KOI-94", "KOI-94 c": "KOI-94", "KOI-94 d": "KOI-94", "KOI-94 e": "KOI-94", "L 98-59 b": "L 98-59", "L 98-59 c": "L 98-59", "L 98-59 d": "L 98-59", "L 98-59 e": "L 98-59", "TRAPPIST-1 b": "TRAPPIST-1", "TRAPPIST-1 c": "TRAPPIST-1", "TRAPPIST-1 d": "TRAPPIST-1", "TRAPPIST-1 e": "TRAPPIST-1", "TRAPPIST-1 f": "TRAPPIST-1", "TRAPPIST-1 g": "TRAPPIST-1", "TRAPPIST-1 h": "TRAPPIST-1", "V1298 Tau b": "V1298 Tau", "V1298 Tau c": "V1298 Tau", "V1298 Tau d": "V1298 Tau", "V1298 Tau e": "V1298 Tau", "WASP-47 b": "WASP-47", "WASP-47 c": "WASP-47", "WASP-47 d": "WASP-47", "WASP-47 e": "WASP-47", "tau Cet e": "tau Cet", "tau Cet f": "tau Cet", "tau Cet g": "tau Cet", "tau Cet h": "tau Cet"}