{"TOI-1136 b": "TOI-1136", "TOI-1136 c": "TOI-1136", "TOI-1136 d": "TOI-1136", "TOI-1136 e": "TOI-1136", "TOI-1136 f": "TOI-1136", "TOI-1136 g": "TOI-1136", "TOI-1246 b": "TOI-1246", "TOI-1246 c": "TOI-1246", "TOI-1246 d": "TOI-1246", "TOI-1246 e": "TOI-1246", "TOI-178 b": "TOI-178", "TOI-178 c": "TOI-178", "TOI-178 d": "TOI-178", "TOI-178 e": "TOI-178", "TOI-178 f": "TOI-178", "TOI-178 g": "TOI-178", "TOI-500 b": "TOI-500", "TOI-500 c": "TOI-500", "TOI-500 d": "TOI-500", "TOI-500 e": "TOI-500", "TOI-561 b": "TOI-561", "TOI-561 c": "TOI-561", "TOI-561 d": "TOI-561", "TOI-561 e": "TOI-561", "TOI-700 b": "TOI-700", "TOI-700 c": "TOI-700", "TOI-700 d": "TOI-700", "TOI-700 e": "TOI-700"}