{"11 Com b": "11 Com", "11 UMi b": "11 UMi", "14 And b": "14 And", "16 Cyg B b": "16 Cyg B", "17 Sco b": "17 Sco", "18 Del b": "18 Del", "1RXS J160929.1-210524 b": "1RXS J160929.1-210524", "24 Boo b": "24 Boo", "2M0437 b": "2MASS J04372171+2651014", "2MASS J01033563-5515561 AB b": "2MASS J01033563-5515561 A", "2MASS J01225093-2439505 b": "2MASS J01225093-2439505", "2MASS J02192210-3925225 b": "2MASS J02192210-3925225", "2MASS J04414489+2301513 b": "2MASS J04414489+2301513", "2MASS J12073346-3932539 b": "2MASS J12073346-3932539", "2MASS J22362452+4751425 b": "2MASS J22362452+4751425", "30 Ari B b": "30 Ari B", "4 UMa b": "4 UMa", "42 Dra b": "42 Dra", "51 Eri b": "51 Eri", "51 Peg b": "51 Peg", "6 Lyn b": "6 Lyn", "70 Vir b": "70 Vir", "75 Cet b": "75 Cet", "8 UMi b": "8 UMi", "81 Cet b": "81 Cet", "91 Aqr b": "91 Aqr", "AB Aur b": "AB Aur", "AB Pic b": "AB Pic", "AF Lep b": "AF Lep", "BD+03 2562 b": "BD+03 2562", "BD+14 4559 b": "BD+14 4559", "BD+15 2375 b": "BD+15 2375", "BD+15 2940 b": "BD+15 2940", "BD+20 274 b": "BD+20 274", "BD+20 594 b": "BD+20 594", "BD+45 564 b": "BD+45 564", "BD+48 738 b": "BD+48 738", "BD+48 740 b": "BD+48 740", "BD+49 828 b": "BD+49 828", "BD+55 362 b": "BD+55 362", "BD+60 1417 b": "BD+60 1417", "BD+63 1405 b": "BD+63 1405", "BD-00 4475 b": "BD-00 4475", "BD-10 3166 b": "BD-10 3166", "BD-13 2130 b": "BD-13 2130", "BD-17 63 b": "BD-17 63", "CD Cet b": "CD Cet", "CFBDSIR J145829+101343 b": "CFBDSIR J145829+101343", "CFHTWIR-Oph 98 b": "CFHTWIR-Oph 98 A", "CHXR 73 b": "CHXR 73", "CI Tau b": "CI Tau", "COCONUTS-2 b": "COCONUTS-2 A", "CT Cha b": "CT Cha", "CoRoT-1 b": "CoRoT-1", "CoRoT-10 b": "CoRoT-10", "CoRoT-11 b": "CoRoT-11", "CoRoT-12 b": "CoRoT-12", "CoRoT-13 b": "CoRoT-13", "CoRoT-14 b": "CoRoT-14", "CoRoT-16 b": "CoRoT-16", "CoRoT-17 b": "CoRoT-17", "CoRoT-18 b": "CoRoT-18", "CoRoT-19 b": "CoRoT-19", "CoRoT-2 b": "CoRoT-2", "CoRoT-21 b": "CoRoT-21", "CoRoT-22 b": "CoRoT-22", "CoRoT-23 b": "CoRoT-23", "CoRoT-25 b": "CoRoT-25", "CoRoT-26 b": "CoRoT-26", "CoRoT-27 b": "CoRoT-27", "CoRoT-28 b": "CoRoT-28", "CoRoT-29 b": "CoRoT-29", "CoRoT-3 b": "CoRoT-3", "CoRoT-30 b": "CoRoT-30", "CoRoT-31 b": "CoRoT-31", "CoRoT-35 b": "CoRoT-35", "CoRoT-36 b": "CoRoT-36", "CoRoT-4 b": "CoRoT-4", "CoRoT-5 b": "CoRoT-5", "CoRoT-6 b": "CoRoT-6", "CoRoT-8 b": "CoRoT-8", "CoRoT-9 b": "CoRoT-9", "CoRoTID 223977153 b": "CoRoTID 223977153", "DE CVn b": "DE CVn", "DENIS-P J082303.1-491201 b": "DENIS-P J082303.1-491201", "DH Tau b": "DH Tau", "DMPP-2 b": "DMPP-2", "DMPP-3 A b": "DMPP-3 A", "DP Leo b": "DP Leo", "DS Tuc A b": "DS Tuc A", "EPIC 201170410.02": "EPIC 201170410", "EPIC 201238110 b": "EPIC 201238110", "EPIC 201427007 b": "EPIC 201427007", "EPIC 201497682 b": "EPIC 201497682", "EPIC 201595106 b": "EPIC 201595106", "EPIC 201757695.02": "EPIC 201757695", "EPIC 201841433 b": "EPIC 201841433", "EPIC 206032309 b": "EPIC 206032309", "EPIC 206215704 b": "EPIC 206215704", "EPIC 211822797 b": "EPIC 211822797", "EPIC 211945201 b": "EPIC 211945201", "EPIC 212424622 b": "EPIC 212424622", "EPIC 212499991 b": "EPIC 212499991", "EPIC 220492298 b": "EPIC 220492298", "EPIC 228836835 b": "EPIC 228836835", "EPIC 246851721 b": "EPIC 246851721", "EPIC 248847494 b": "EPIC 248847494", "FU Tau b": "FU Tau", "G 9-40 b": "G 9-40", "GJ 1151 c": "GJ 1151", "GJ 1214 b": "GJ 1214", "GJ 1252 b": "GJ 1252", "GJ 1265 b": "GJ 1265", "GJ 160.2 b": "GJ 160.2", "GJ 179 b": "GJ 179", "GJ 2056 b": "GJ 2056", "GJ 251 b": "GJ 251", "GJ 27.1 b": "GJ 27.1", "GJ 3021 b": "GJ 3021", "GJ 3082 b": "GJ 3082", "GJ 3090 b": "GJ 3090", "GJ 3222 b": "GJ 3222", "GJ 328 b": "GJ 328", "GJ 3341 b": "GJ 3341", "GJ 338 B b": "GJ 338 B", "GJ 3470 b": "GJ 3470", "GJ 3634 b": "GJ 3634", "GJ 367 b": "GJ 367", "GJ 3779 b": "GJ 3779", "GJ 393 b": "GJ 393", "GJ 3942 b": "GJ 3942", "GJ 422 b": "GJ 422", "GJ 4276 b": "GJ 4276", "GJ 436 b": "GJ 436", "GJ 463 b": "GJ 463", "GJ 480 b": "GJ 480", "GJ 486 b": "GJ 486", "GJ 504 b": "GJ 504", "GJ 514 b": "GJ 514", "GJ 536 b": "GJ 536", "GJ 625 b": "GJ 625", "GJ 649 b": "GJ 649", "GJ 674 b": "GJ 674", "GJ 680 b": "GJ 680", "GJ 685 b": "GJ 685", "GJ 720 A b": "GJ 720 A", "GJ 740 b": "GJ 740", "GJ 832 b": "GJ 832", "GJ 86 b": "GJ 86", "GJ 896 A b": "GJ 896 A", "GJ 9066 c": "GJ 9066", "GJ 96 b": "GJ 96", "GJ 9689 b": "GJ 9689", "GJ 9714 b": "GJ 9714", "GPX-1 b": "GPX-1", "GQ Lup b": "GQ Lup", "GSC 06214-00210 b": "GSC 06214-00210", "GU Psc b": "GU Psc", "Gaia-1 b": "Gaia-1", "Gaia-2 b": "Gaia-2", "Gl 378 b": "Gl 378", "Gl 49 b": "Gl 49", "Gl 686 b": "Gl 686", "HAT-P-1 b": "HAT-P-1", "HAT-P-12 b": "HAT-P-12", "HAT-P-14 b": "HAT-P-14", "HAT-P-15 b": "HAT-P-15", "HAT-P-16 b": "HAT-P-16", "HAT-P-18 b": "HAT-P-18", "HAT-P-19 b": "HAT-P-19", "HAT-P-2 b": "HAT-P-2", "HAT-P-20 b": "HAT-P-20", "HAT-P-21 b": "HAT-P-21", "HAT-P-22 b": "HAT-P-22", "HAT-P-23 b": "HAT-P-23", "HAT-P-24 b": "HAT-P-24", "HAT-P-25 b": "HAT-P-25", "HAT-P-26 b": "HAT-P-26", "HAT-P-27 b": "HAT-P-27", "HAT-P-28 b": "HAT-P-28", "HAT-P-29 b": "HAT-P-29", "HAT-P-3 b": "HAT-P-3", "HAT-P-30 b": "HAT-P-30", "HAT-P-31 b": "HAT-P-31", "HAT-P-32 b": "HAT-P-32", "HAT-P-33 b": "HAT-P-33", "HAT-P-34 b": "HAT-P-34", "HAT-P-35 b": "HAT-P-35", "HAT-P-36 b": "HAT-P-36", "HAT-P-37 b": "HAT-P-37", "HAT-P-38 b": "HAT-P-38", "HAT-P-39 b": "HAT-P-39", "HAT-P-4 b": "HAT-P-4", "HAT-P-40 b": "HAT-P-40", "HAT-P-41 b": "HAT-P-41", "HAT-P-42 b": "HAT-P-42", "HAT-P-43 b": "HAT-P-43", "HAT-P-45 b": "HAT-P-45", "HAT-P-46 b": "HAT-P-46", "HAT-P-49 b": "HAT-P-49", "HAT-P-5 b": "HAT-P-5", "HAT-P-50 b": "HAT-P-50", "HAT-P-51 b": "HAT-P-51", "HAT-P-52 b": "HAT-P-52", "HAT-P-53 b": "HAT-P-53", "HAT-P-54 b": "HAT-P-54", "HAT-P-55 b": "HAT-P-55", "HAT-P-56 b": "HAT-P-56", "HAT-P-57 b": "HAT-P-57", "HAT-P-58 b": "HAT-P-58", "HAT-P-59 b": "HAT-P-59", "HAT-P-6 b": "HAT-P-6", "HAT-P-60 b": "HAT-P-60", "HAT-P-61 b": "HAT-P-61", "HAT-P-62 b": "HAT-P-62", "HAT-P-63 b": "HAT-P-63", "HAT-P-64 b": "HAT-P-64", "HAT-P-65 b": "HAT-P-65", "HAT-P-66 b": "HAT-P-66", "HAT-P-67 b": "HAT-P-67", "HAT-P-68 b": "HAT-P-68", "HAT-P-69 b": "HAT-P-69", "HAT-P-7 b": "HAT-P-7", "HAT-P-70 b": "HAT-P-70", "HAT-P-8 b": "HAT-P-8", "HAT-P-9 b": "HAT-P-9", "HATS-1 b": "HATS-1", "HATS-10 b": "HATS-10", "HATS-11 b": "HATS-11", "HATS-12 b": "HATS-12", "HATS-13 b": "HATS-13", "HATS-14 b": "HATS-14", "HATS-15 b": "HATS-15", "HATS-16 b": "HATS-16", "HATS-17 b": "HATS-17", "HATS-18 b": "HATS-18", "HATS-2 b": "HATS-2", "HATS-22 b": "HATS-22", "HATS-23 b": "HATS-23", "HATS-24 b": "HATS-24", "HATS-25 b": "HATS-25", "HATS-26 b": "HATS-26", "HATS-27 b": "HATS-27", "HATS-28 b": "HATS-28", "HATS-29 b": "HATS-29", "HATS-3 b": "HATS-3", "HATS-30 b": "HATS-30", "HATS-31 b": "HATS-31", "HATS-32 b": "HATS-32", "HATS-33 b": "HATS-33", "HATS-34 b": "HATS-34", "HATS-35 b": "HATS-35", "HATS-36 b": "HATS-36", "HATS-37 A b": "HATS-37 A", "HATS-38 b": "HATS-38", "HATS-39 b": "HATS-39", "HATS-4 b": "HATS-4", "HATS-40 b": "HATS-40", "HATS-41 b": "HATS-41", "HATS-42 b": "HATS-42", "HATS-43 b": "HATS-43", "HATS-44 b": "HATS-44", "HATS-45 b": "HATS-45", "HATS-46 b": "HATS-46", "HATS-47 b": "HATS-47", "HATS-48 A b": "HATS-48 A", "HATS-49 b": "HATS-49", "HATS-5 b": "HATS-5", "HATS-50 b": "HATS-50", "HATS-51 b": "HATS-51", "HATS-52 b": "HATS-52", "HATS-53 b": "HATS-53", "HATS-54 b": "HATS-54", "HATS-55 b": "HATS-55", "HATS-56 b": "HATS-56", "HATS-57 b": "HATS-57", "HATS-58 A b": "HATS-58 A", "HATS-6 b": "HATS-6", "HATS-60 b": "HATS-60", "HATS-61 b": "HATS-61", "HATS-62 b": "HATS-62", "HATS-63 b": "HATS-63", "HATS-64 b": "HATS-64", "HATS-65 b": "HATS-65", "HATS-66 b": "HATS-66", "HATS-67 b": "HATS-67", "HATS-68 b": "HATS-68", "HATS-69 b": "HATS-69", "HATS-7 b": "HATS-7", "HATS-70 b": "HATS-70", "HATS-71 b": "HATS-71", "HATS-72 b": "HATS-72", "HATS-74 A b": "HATS-74 A", "HATS-75 b": "HATS-75", "HATS-76 b": "HATS-76", "HATS-77 b": "HATS-77", "HATS-8 b": "HATS-8", "HATS-9 b": "HATS-9", "HD 100546 b": "HD 100546", "HD 100655 b": "HD 100655", "HD 100777 b": "HD 100777", "HD 101930 b": "HD 101930", "HD 102117 b": "HD 102117", "HD 102195 b": "HD 102195", "HD 102272 b": "HD 102272", "HD 102365 b": "HD 102365", "HD 102843 b": "HD 102843", "HD 102956 b": "HD 102956", "HD 103197 b": "HD 103197", "HD 103720 b": "HD 103720", "HD 103774 b": "HD 103774", "HD 103891 b": "HD 103891", "HD 103949 b": "HD 103949", "HD 104067 b": "HD 104067", "HD 10442 b": "HD 10442", "HD 104985 b": "HD 104985", "HD 105779 b": "HD 105779", "HD 106252 b": "HD 106252", "HD 106270 b": "HD 106270", "HD 10647 b": "HD 10647", "HD 106515 A b": "HD 106515 A", "HD 106906 b": "HD 106906", "HD 10697 b": "HD 10697", "HD 108147 b": "HD 108147", "HD 108341 b": "HD 108341", "HD 108863 b": "HD 108863", "HD 109246 b": "HD 109246", "HD 109286 b": "HD 109286", "HD 109749 b": "HD 109749", "HD 10975 b": "HD 10975", "HD 109988 b": "HD 109988", "HD 110014 b": "HD 110014", "HD 110082 b": "HD 110082", "HD 110537 b": "HD 110537", "HD 11112 b": "HD 11112", "HD 111591 b": "HD 111591", "HD 111998 b": "HD 111998", "HD 112640 b": "HD 112640", "HD 113996 b": "HD 113996", "HD 114082 b": "HD 114082", "HD 114386 b": "HD 114386", "HD 114613 b": "HD 114613", "HD 114729 b": "HD 114729", "HD 11505 b": "HD 11505", "HD 115954 b": "HD 115954", "HD 117207 b": "HD 117207", "HD 11755 b": "HD 11755", "HD 117618 b": "HD 117618", "HD 118203 b": "HD 118203", "HD 11977 b": "HD 11977", "HD 120084 b": "HD 120084", "HD 121504 b": "HD 121504", "HD 122562 c": "HD 122562", "HD 124330 b": "HD 124330", "HD 12484 b": "HD 12484", "HD 125271 b": "HD 125271", "HD 125390 b": "HD 125390", "HD 125595 b": "HD 125595", "HD 12648 b": "HD 12648", "HD 126525 b": "HD 126525", "HD 126614 b": "HD 126614", "HD 127506 b": "HD 127506", "HD 128356 b": "HD 128356", "HD 129445 b": "HD 129445", "HD 130322 b": "HD 130322", "HD 131496 b": "HD 131496", "HD 13167 b": "HD 13167", "HD 13189 b": "HD 13189", "HD 132406 b": "HD 132406", "HD 132563 b": "HD 132563", "HD 133131 B b": "HD 133131 B", "HD 135872 b": "HD 135872", "HD 136118 b": "HD 136118", "HD 136418 b": "HD 136418", "HD 136925 b": "HD 136925", "HD 13724 c": "HD 13724", "HD 137388 b": "HD 137388", "HD 13931 b": "HD 13931", "HD 139357 b": "HD 139357", "HD 1397 b": "HD 1397", "HD 14067 b": "HD 14067", "HD 141004 b": "HD 141004", "HD 141937 b": "HD 141937", "HD 142022 A b": "HD 142022 A", "HD 142245 b": "HD 142245", "HD 142415 b": "HD 142415", "HD 143105 b": "HD 143105", "HD 143361 b": "HD 143361", "HD 144899 b": "HD 144899", "HD 145377 b": "HD 145377", "HD 145457 b": "HD 145457", "HD 145934 b": "HD 145934", "HD 147379 b": "HD 147379", "HD 147513 b": "HD 147513", "HD 14787 b": "HD 14787", "HD 148156 b": "HD 148156", "HD 148427 b": "HD 148427", "HD 149026 b": "HD 149026", "HD 149143 b": "HD 149143", "HD 149806 b": "HD 149806", "HD 150010 b": "HD 150010", "HD 1502 b": "HD 1502", "HD 150706 b": "HD 150706", "HD 152079 b": "HD 152079", "HD 152581 b": "HD 152581", "HD 153950 b": "HD 153950", "HD 154088 b": "HD 154088", "HD 154345 b": "HD 154345", "HD 154672 b": "HD 154672", "HD 155193 b": "HD 155193", "HD 155233 b": "HD 155233", "HD 156411 b": "HD 156411", "HD 156846 b": "HD 156846", "HD 158038 b": "HD 158038", "HD 158996 b": "HD 158996", "HD 161178 b": "HD 161178", "HD 16141 b": "HD 16141", "HD 16175 b": "HD 16175", "HD 162020 b": "HD 162020", "HD 16417 b": "HD 16417", "HD 164509 b": "HD 164509", "HD 164595 b": "HD 164595", "HD 164604 b": "HD 164604", "HD 165155 b": "HD 165155", "HD 1666 b": "HD 1666", "HD 166724 b": "HD 166724", "HD 167042 b": "HD 167042", "HD 167768 b": "HD 167768", "HD 168009 b": "HD 168009", "HD 168746 b": "HD 168746", "HD 168863 b": "HD 168863", "HD 1690 b": "HD 1690", "HD 16905 b": "HD 16905", "HD 169142 b": "HD 169142", "HD 170469 b": "HD 170469", "HD 17092 b": "HD 17092", "HD 171028 b": "HD 171028", "HD 171238 b": "HD 171238", "HD 17156 b": "HD 17156", "HD 173416 b": "HD 173416", "HD 174205 b": "HD 174205", "HD 175167 b": "HD 175167", "HD 175541 b": "HD 175541", "HD 175607 b": "HD 175607", "HD 17674 b": "HD 17674", "HD 177565 b": "HD 177565", "HD 178911 B b": "HD 178911 B", "HD 179079 b": "HD 179079", "HD 179949 b": "HD 179949", "HD 180053 b": "HD 180053", "HD 18015 b": "HD 18015", "HD 180314 b": "HD 180314", "HD 180617 b": "HD 180617", "HD 180902 b": "HD 180902", "HD 181234 b": "HD 181234", "HD 181342 b": "HD 181342", "HD 181720 b": "HD 181720", "HD 183579 b": "HD 183579", "HD 185269 b": "HD 185269", "HD 18599 b": "HD 18599", "HD 187085 b": "HD 187085", "HD 18742 b": "HD 18742", "HD 188015 b": "HD 188015", "HD 188641 b": "HD 188641", "HD 189733 b": "HD 189733", "HD 190007 b": "HD 190007", "HD 190228 b": "HD 190228", "HD 190647 b": "HD 190647", "HD 190984 b": "HD 190984", "HD 191806 b": "HD 191806", "HD 192263 b": "HD 192263", "HD 192699 b": "HD 192699", "HD 194490 b": "HD 194490", "HD 195019 b": "HD 195019", "HD 196050 b": "HD 196050", "HD 196067 b": "HD 196067", "HD 19615 b": "HD 19615", "HD 196885 A b": "HD 196885 A", "HD 197037 b": "HD 197037", "HD 199509 b": "HD 199509", "HD 19994 b": "HD 19994", "HD 202206 c": "HD 202206", "HD 202772 A b": "HD 202772 A", "HD 203030 b": "HD 203030", "HD 20329 b": "HD 20329", "HD 203473 b": "HD 203473", "HD 2039 b": "HD 2039", "HD 204941 b": "HD 204941", "HD 205158 b": "HD 205158", "HD 205739 b": "HD 205739", "HD 206255 b": "HD 206255", "HD 206610 b": "HD 206610", "HD 20782 b": "HD 20782", "HD 207897 b": "HD 207897", "HD 208487 b": "HD 208487", "HD 208527 b": "HD 208527", "HD 20868 b": "HD 20868", "HD 208897 b": "HD 208897", "HD 209458 b": "HD 209458", "HD 210193 b": "HD 210193", "HD 210277 b": "HD 210277", "HD 210702 b": "HD 210702", "HD 211403 b": "HD 211403", "HD 211810 b": "HD 211810", "HD 211970 b": "HD 211970", "HD 212301 b": "HD 212301", "HD 212771 b": "HD 212771", "HD 213240 b": "HD 213240", "HD 213472 b": "HD 213472", "HD 213519 b": "HD 213519", "HD 21411 b": "HD 21411", "HD 214823 b": "HD 214823", "HD 216435 b": "HD 216435", "HD 216437 b": "HD 216437", "HD 216536 b": "HD 216536", "HD 216770 b": "HD 216770", "HD 217850 b": "HD 217850", "HD 217958 b": "HD 217958", "HD 218566 b": "HD 218566", "HD 219077 b": "HD 219077", "HD 219139 b": "HD 219139", "HD 219415 b": "HD 219415", "HD 219666 b": "HD 219666", "HD 220074 b": "HD 220074", "HD 220197 b": "HD 220197", "HD 220689 b": "HD 220689", "HD 220773 b": "HD 220773", "HD 220842 b": "HD 220842", "HD 221287 b": "HD 221287", "HD 221416 b": "HD 221416", "HD 221420 b": "HD 221420", "HD 221585 b": "HD 221585", "HD 222076 b": "HD 222076", "HD 222155 b": "HD 222155", "HD 222582 b": "HD 222582", "HD 224538 b": "HD 224538", "HD 224693 b": "HD 224693", "HD 22496 b": "HD 22496", "HD 22532 b": "HD 22532", "HD 22781 b": "HD 22781", "HD 23079 b": "HD 23079", "HD 23127 b": "HD 23127", "HD 231701 b": "HD 231701", "HD 233604 b": "HD 233604", "HD 233832 b": "HD 233832", "HD 23596 b": "HD 23596", "HD 238090 b": "HD 238090", "HD 238914 b": "HD 238914", "HD 240210 b": "HD 240210", "HD 240237 b": "HD 240237", "HD 24064 b": "HD 24064", "HD 24085 b": "HD 24085", "HD 25015 b": "HD 25015", "HD 25171 b": "HD 25171", "HD 25723 b": "HD 25723", "HD 26161 b": "HD 26161", "HD 2638 b": "HD 2638", "HD 2685 b": "HD 2685", "HD 26965 b": "HD 26965", "HD 27442 b": "HD 27442", "HD 27631 b": "HD 27631", "HD 27969 b": "HD 27969", "HD 28192 b": "HD 28192", "HD 28254 b": "HD 28254", "HD 285507 b": "HD 285507", "HD 285968 b": "HD 285968", "HD 28678 b": "HD 28678", "HD 29021 b": "HD 29021", "HD 290327 b": "HD 290327", "HD 29399 b": "HD 29399", "HD 2952 b": "HD 2952", "HD 29985 b": "HD 29985", "HD 30562 b": "HD 30562", "HD 30669 b": "HD 30669", "HD 30856 b": "HD 30856", "HD 31253 b": "HD 31253", "HD 32518 b": "HD 32518", "HD 32963 b": "HD 32963", "HD 330075 b": "HD 330075", "HD 331093 b": "HD 331093", "HD 332231 b": "HD 332231", "HD 33283 b": "HD 33283", "HD 33564 b": "HD 33564", "HD 35759 b": "HD 35759", "HD 360 b": "HD 360", "HD 3651 b": "HD 3651", "HD 3765 b": "HD 3765", "HD 38283 b": "HD 38283", "HD 38801 b": "HD 38801", "HD 39855 b": "HD 39855", "HD 40956 b": "HD 40956", "HD 40979 b": "HD 40979", "HD 41004 A b": "HD 41004 A", "HD 41004 B b": "HD 41004 B", "HD 4113 b": "HD 4113", "HD 42012 b": "HD 42012", "HD 4208 b": "HD 4208", "HD 42618 b": "HD 42618", "HD 4308 b": "HD 4308", "HD 4313 b": "HD 4313", "HD 43691 b": "HD 43691", "HD 44219 b": "HD 44219", "HD 45350 b": "HD 45350", "HD 45652 b": "HD 45652", "HD 457 b": "HD 457", "HD 46375 b": "HD 46375", "HD 47536 b": "HD 47536", "HD 4760 b": "HD 4760", "HD 48265 b": "HD 48265", "HD 4917 b": "HD 4917", "HD 49674 b": "HD 49674", "HD 50554 b": "HD 50554", "HD 52265 b": "HD 52265", "HD 55696 b": "HD 55696", "HD 5583 b": "HD 5583", "HD 5608 b": "HD 5608", "HD 564 b": "HD 564", "HD 56414 b": "HD 56414", "HD 56957 b": "HD 56957", "HD 5891 b": "HD 5891", "HD 59686 A b": "HD 59686 A", "HD 60292 b": "HD 60292", "HD 62509 b": "HD 62509", "HD 62549 b": "HD 62549", "HD 63454 b": "HD 63454", "HD 63765 b": "HD 63765", "HD 64114 b": "HD 64114", "HD 64121 b": "HD 64121", "HD 6434 b": "HD 6434", "HD 66141 b": "HD 66141", "HD 6718 b": "HD 6718", "HD 68402 b": "HD 68402", "HD 69123 b": "HD 69123", "HD 70573 b": "HD 70573", "HD 70642 b": "HD 70642", "HD 7199 b": "HD 7199", "HD 72490 b": "HD 72490", "HD 72892 b": "HD 72892", "HD 73534 b": "HD 73534", "HD 7449 b": "HD 7449", "HD 75289 b": "HD 75289", "HD 75898 b": "HD 75898", "HD 76700 b": "HD 76700", "HD 76920 b": "HD 76920", "HD 77338 b": "HD 77338", "HD 79181 b": "HD 79181", "HD 79498 b": "HD 79498", "HD 80606 b": "HD 80606", "HD 80653 b": "HD 80653", "HD 80869 b": "HD 80869", "HD 80883 b": "HD 80883", "HD 80913 b": "HD 80913", "HD 81040 b": "HD 81040", "HD 81688 b": "HD 81688", "HD 82886 b": "HD 82886", "HD 8326 b": "HD 8326", "HD 8535 b": "HD 8535", "HD 85390 b": "HD 85390", "HD 85512 b": "HD 85512", "HD 8574 b": "HD 8574", "HD 86065 b": "HD 86065", "HD 86081 b": "HD 86081", "HD 86264 b": "HD 86264", "HD 8673 b": "HD 8673", "HD 86950 b": "HD 86950", "HD 87646 b": "HD 87646", "HD 87883 b": "HD 87883", "HD 88072 b": "HD 88072", "HD 88133 b": "HD 88133", "HD 89307 b": "HD 89307", "HD 89345 b": "HD 89345", "HD 89744 b": "HD 89744", "HD 90156 b": "HD 90156", "HD 9174 b": "HD 9174", "HD 93083 b": "HD 93083", "HD 94834 b": "HD 94834", "HD 95086 b": "HD 95086", "HD 95127 b": "HD 95127", "HD 95338 b": "HD 95338", "HD 95544 b": "HD 95544", "HD 95872 b": "HD 95872", "HD 96063 b": "HD 96063", "HD 96127 b": "HD 96127", "HD 96167 b": "HD 96167", "HD 96992 b": "HD 96992", "HD 97037 b": "HD 97037", "HD 97048 b": "HD 97048", "HD 97658 b": "HD 97658", "HD 98219 b": "HD 98219", "HD 98649 b": "HD 98649", "HD 98736 b": "HD 98736", "HD 99109 b": "HD 99109", "HD 99283 b": "HD 99283", "HD 99492 b": "HD 99492", "HIP 105854 b": "HIP 105854", "HIP 107772 b": "HIP 107772", "HIP 107773 b": "HIP 107773", "HIP 109384 b": "HIP 109384", "HIP 109600 b": "HIP 109600", "HIP 114933 b": "HIP 114933", "HIP 116454 b": "HIP 116454", "HIP 12961 b": "HIP 12961", "HIP 21152 b": "HIP 21152", "HIP 34222 b": "HIP 34222", "HIP 35173 b": "HIP 35173", "HIP 35965 b": "HIP 35965", "HIP 4845 b": "HIP 4845", "HIP 48714 b": "HIP 48714", "HIP 55507 b": "HIP 55507", "HIP 56640 b": "HIP 56640", "HIP 5763 b": "HIP 5763", "HIP 63242 b": "HIP 63242", "HIP 65 A b": "HIP 65 A", "HIP 65426 b": "HIP 65426", "HIP 65891 b": "HIP 65891", "HIP 67522 b": "HIP 67522", "HIP 67537 b": "HIP 67537", "HIP 70849 b": "HIP 70849", "HIP 71135 b": "HIP 71135", "HIP 74890 b": "HIP 74890", "HIP 75056 A b": "HIP 75056 A", "HIP 75092 b": "HIP 75092", "HIP 78530 b": "HIP 78530", "HIP 79098 AB b": "HIP 79098 AB", "HIP 79431 b": "HIP 79431", "HIP 86221 b": "HIP 86221", "HIP 90988 b": "HIP 90988", "HIP 91258 b": "HIP 91258", "HIP 94235 b": "HIP 94235", "HIP 948 b": "HIP 948", "HIP 97233 b": "HIP 97233", "HN Peg b": "HN Peg", "HR 2562 b": "HR 2562", "HR 5183 b": "HR 5183", "HR 810 b": "HR 810", "IC 4651 9122 b": "IC 4651 9122", "K2-10 b": "K2-10", "K2-100 b": "K2-100", "K2-101 b": "K2-101", "K2-102 b": "K2-102", "K2-104 b": "K2-104", "K2-105 b": "K2-105", "K2-107 b": "K2-107", "K2-108 b": "K2-108", "K2-11 b": "K2-11", "K2-110 b": "K2-110", "K2-113 b": "K2-113", "K2-114 b": "K2-114", "K2-115 b": "K2-115", "K2-116 b": "K2-116", "K2-118 b": "K2-118", "K2-119 b": "K2-119", "K2-12 b": "K2-12", "K2-120 b": "K2-120", "K2-121 b": "K2-121", "K2-122 b": "K2-122", "K2-123 b": "K2-123", "K2-124 b": "K2-124", "K2-125 b": "K2-125", "K2-126 b": "K2-126", "K2-127 b": "K2-127", "K2-128 b": "K2-128", "K2-129 b": "K2-129", "K2-13 b": "K2-13", "K2-130 b": "K2-130", "K2-131 b": "K2-131", "K2-132 b": "K2-132", "K2-137 b": "K2-137", "K2-139 b": "K2-139", "K2-14 b": "K2-14", "K2-140 b": "K2-140", "K2-147 b": "K2-147", "K2-149 b": "K2-149", "K2-15 b": "K2-15", "K2-150 b": "K2-150", "K2-151 b": "K2-151", "K2-152 b": "K2-152", "K2-153 b": "K2-153", "K2-156 b": "K2-156", "K2-157 b": "K2-157", "K2-159 b": "K2-159", "K2-160 b": "K2-160", "K2-161 b": "K2-161", "K2-162 b": "K2-162", "K2-163 b": "K2-163", "K2-164 b": "K2-164", "K2-167 b": "K2-167", "K2-169 b": "K2-169", "K2-17 b": "K2-17", "K2-171 b": "K2-171", "K2-173 b": "K2-173", "K2-174 b": "K2-174", "K2-175 b": "K2-175", "K2-176 b": "K2-176", "K2-177 b": "K2-177", "K2-178 b": "K2-178", "K2-179 b": "K2-179", "K2-180 b": "K2-180", "K2-181 b": "K2-181", "K2-182 b": "K2-182", "K2-184 b": "K2-184", "K2-186 b": "K2-186", "K2-191 b": "K2-191", "K2-192 b": "K2-192", "K2-193 b": "K2-193", "K2-194 b": "K2-194", "K2-196 b": "K2-196", "K2-197 b": "K2-197", "K2-200 b": "K2-200", "K2-202 b": "K2-202", "K2-203 b": "K2-203", "K2-204 b": "K2-204", "K2-205 b": "K2-205", "K2-206 b": "K2-206", "K2-207 b": "K2-207", "K2-208 b": "K2-208", "K2-209 b": "K2-209", "K2-210 b": "K2-210", "K2-211 b": "K2-211", "K2-212 b": "K2-212", "K2-213 b": "K2-213", "K2-214 b": "K2-214", "K2-215 b": "K2-215", "K2-216 b": "K2-216", "K2-217 b": "K2-217", "K2-218 b": "K2-218", "K2-22 b": "K2-22", "K2-220 b": "K2-220", "K2-221 b": "K2-221", "K2-222 b": "K2-222", "K2-225 b": "K2-225", "K2-226 b": "K2-226", "K2-227 b": "K2-227", "K2-228 b": "K2-228", "K2-230 b": "K2-230", "K2-231 b": "K2-231", "K2-232 b": "K2-232", "K2-237 b": "K2-237", "K2-238 b": "K2-238", "K2-241 b": "K2-241", "K2-242 b": "K2-242", "K2-244 b": "K2-244", "K2-245 b": "K2-245", "K2-246 b": "K2-246", "K2-248 b": "K2-248", "K2-249 b": "K2-249", "K2-25 b": "K2-25", "K2-250 b": "K2-250", "K2-251 b": "K2-251", "K2-252 b": "K2-252", "K2-253 b": "K2-253", "K2-255 b": "K2-255", "K2-256 b": "K2-256", "K2-257 b": "K2-257", "K2-258 b": "K2-258", "K2-259 b": "K2-259", "K2-26 b": "K2-26", "K2-260 b": "K2-260", "K2-261 b": "K2-261", "K2-263 b": "K2-263", "K2-265 b": "K2-265", "K2-269 b": "K2-269", "K2-27 b": "K2-27", "K2-271 b": "K2-271", "K2-272 b": "K2-272", "K2-273 b": "K2-273", "K2-274 b": "K2-274", "K2-276 b": "K2-276", "K2-277 b": "K2-277", "K2-278 b": "K2-278", "K2-279 b": "K2-279", "K2-28 b": "K2-28", "K2-280 b": "K2-280", "K2-281 b": "K2-281", "K2-283 b": "K2-283", "K2-284 b": "K2-284", "K2-286 b": "K2-286", "K2-287 b": "K2-287", "K2-288 B b": "K2-288 B", "K2-289 b": "K2-289", "K2-29 b": "K2-29", "K2-291 b": "K2-291", "K2-292 b": "K2-292", "K2-293 b": "K2-293", "K2-294 b": "K2-294", "K2-295 b": "K2-295", "K2-30 b": "K2-30", "K2-308 b": "K2-308", "K2-31 b": "K2-31", "K2-315 b": "K2-315", "K2-317 b": "K2-317", "K2-318 b": "K2-318", "K2-319 b": "K2-319", "K2-320 b": "K2-320", "K2-321 b": "K2-321", "K2-322 b": "K2-322", "K2-323 b": "K2-323", "K2-324 b": "K2-324", "K2-325 b": "K2-325", "K2-326 b": "K2-326", "K2-329 b": "K2-329", "K2-33 b": "K2-33", "K2-330 b": "K2-330", "K2-332 b": "K2-332", "K2-333 b": "K2-333", "K2-334 b": "K2-334", "K2-335 b": "K2-335", "K2-336 b": "K2-336", "K2-337 b": "K2-337", "K2-338 b": "K2-338", "K2-339 b": "K2-339", "K2-34 b": "K2-34", "K2-340 b": "K2-340", "K2-341 b": "K2-341", "K2-342 b": "K2-342", "K2-344 b": "K2-344", "K2-345 b": "K2-345", "K2-346 b": "K2-346", "K2-347 b": "K2-347", "K2-349 b": "K2-349", "K2-351 b": "K2-351", "K2-353 b": "K2-353", "K2-354 b": "K2-354", "K2-355 b": "K2-355", "K2-356 b": "K2-356", "K2-357 b": "K2-357", "K2-358 b": "K2-358", "K2-365 b": "K2-365", "K2-366 b": "K2-366", "K2-367 b": "K2-367", "K2-369 b": "K2-369", "K2-370 b": "K2-370", "K2-371 b": "K2-371", "K2-372 b": "K2-372", "K2-373 b": "K2-373", "K2-375 b": "K2-375", "K2-376 b": "K2-376", "K2-377 b": "K2-377", "K2-378 b": "K2-378", "K2-379 b": "K2-379", "K2-380 b": "K2-380", "K2-382 b": "K2-382", "K2-383 b": "K2-383", "K2-385 b": "K2-385", "K2-386 b": "K2-386", "K2-387 b": "K2-387", "K2-388 b": "K2-388", "K2-39 b": "K2-39", "K2-390 b": "K2-390", "K2-391 b": "K2-391", "K2-392 b": "K2-392", "K2-393 b": "K2-393", "K2-394 b": "K2-394", "K2-397 b": "K2-397", "K2-399 b": "K2-399", "K2-4 b": "K2-4", "K2-400 b": "K2-400", "K2-401 b": "K2-401", "K2-402 b": "K2-402", "K2-403 b": "K2-403", "K2-404 b": "K2-404", "K2-405 b": "K2-405", "K2-406 b": "K2-406", "K2-408 b": "K2-408", "K2-409 b": "K2-409", "K2-411 b": "K2-411", "K2-412 b": "K2-412", "K2-42 b": "K2-42", "K2-44 b": "K2-44", "K2-45 b": "K2-45", "K2-46 b": "K2-46", "K2-47 b": "K2-47", "K2-48 b": "K2-48", "K2-49 b": "K2-49", "K2-52 b": "K2-52", "K2-53 b": "K2-53", "K2-54 b": "K2-54", "K2-55 b": "K2-55", "K2-57 b": "K2-57", "K2-6 b": "K2-6", "K2-60 b": "K2-60", "K2-61 b": "K2-61", "K2-64 b": "K2-64", "K2-65 b": "K2-65", "K2-66 b": "K2-66", "K2-68 b": "K2-68", "K2-69 b": "K2-69", "K2-7 b": "K2-7", "K2-70 b": "K2-70", "K2-71 b": "K2-71", "K2-73 b": "K2-73", "K2-74 b": "K2-74", "K2-77 b": "K2-77", "K2-79 b": "K2-79", "K2-81 b": "K2-81", "K2-85 b": "K2-85", "K2-86 b": "K2-86", "K2-87 b": "K2-87", "K2-88 b": "K2-88", "K2-89 b": "K2-89", "K2-9 b": "K2-9", "K2-91 b": "K2-91", "K2-95 b": "K2-95", "K2-97 b": "K2-97", "K2-98 b": "K2-98", "K2-99 b": "K2-99", "KELT-1 b": "KELT-1", "KELT-10 b": "KELT-10", "KELT-11 b": "KELT-11", "KELT-12 b": "KELT-12", "KELT-14 b": "KELT-14", "KELT-15 b": "KELT-15", "KELT-16 b": "KELT-16", "KELT-17 b": "KELT-17", "KELT-18 b": "KELT-18", "KELT-19 A b": "KELT-19 A", "KELT-2 A b": "KELT-2 A", "KELT-20 b": "KELT-20", "KELT-21 b": "KELT-21", "KELT-23 A b": "KELT-23 A", "KELT-24 b": "KELT-24", "KELT-3 b": "KELT-3", "KELT-4 A b": "KELT-4 A", "KELT-7 b": "KELT-7", "KELT-8 b": "KELT-8", "KELT-9 b": "KELT-9", "KIC 10068024 b": "KIC 10068024", "KIC 10525077 b": "KIC 10525077", "KIC 3526061 b": "KIC 3526061", "KIC 3558849 b": "KIC 3558849", "KIC 5095269 b": "KIC 5095269", "KIC 5479689 b": "KIC 5479689", "KIC 5951458 b": "KIC 5951458", "KIC 7917485 b": "KIC 7917485", "KIC 8121913 b": "KIC 8121913", "KMT-2016-BLG-0212L b": "KMT-2016-BLG-0212L", "KMT-2016-BLG-1105L b": "KMT-2016-BLG-1105L", "KMT-2016-BLG-1107L b": "KMT-2016-BLG-1107L", "KMT-2016-BLG-1397L b": "KMT-2016-BLG-1397L", "KMT-2016-BLG-1820L b": "KMT-2016-BLG-1820L", "KMT-2016-BLG-1836L b": "KMT-2016-BLG-1836L", "KMT-2016-BLG-2142L b": "KMT-2016-BLG-2142L", "KMT-2016-BLG-2364L b": "KMT-2016-BLG-2364L", "KMT-2016-BLG-2397L b": "KMT-2016-BLG-2397L", "KMT-2016-BLG-2605L b": "KMT-2016-BLG-2605L", "KMT-2017-BLG-0165L b": "KMT-2017-BLG-0165L", "KMT-2017-BLG-0428L b": "KMT-2017-BLG-0428L", "KMT-2017-BLG-0673L b": "KMT-2017-BLG-0673L", "KMT-2017-BLG-1003L b": "KMT-2017-BLG-1003L", "KMT-2017-BLG-1038L b": "KMT-2017-BLG-1038L", "KMT-2017-BLG-1146L b": "KMT-2017-BLG-1146L", "KMT-2017-BLG-1194L b": "KMT-2017-BLG-1194L", "KMT-2017-BLG-2509L b": "KMT-2017-BLG-2509L", "KMT-2018-BLG-0029L b": "KMT-2018-BLG-0029L", "KMT-2018-BLG-0748L b": "KMT-2018-BLG-0748L", "KMT-2018-BLG-1025L b": "KMT-2018-BLG-1025L", "KMT-2018-BLG-1292L b": "KMT-2018-BLG-1292L", "KMT-2018-BLG-1743L b": "KMT-2018-BLG-1743L", "KMT-2018-BLG-1976L b": "KMT-2018-BLG-1976L", "KMT-2018-BLG-1988L b": "KMT-2018-BLG-1988L", "KMT-2018-BLG-1990L b": "KMT-2018-BLG-1990L", "KMT-2018-BLG-1996L b": "KMT-2018-BLG-1996L", "KMT-2019-BLG-0253L b": "KMT-2019-BLG-0253L", "KMT-2019-BLG-0371L b": "KMT-2019-BLG-0371L", "KMT-2019-BLG-0414L b": "KMT-2019-BLG-0414L", "KMT-2019-BLG-0842L b": "KMT-2019-BLG-0842L", "KMT-2019-BLG-0953L b": "KMT-2019-BLG-0953L", "KMT-2019-BLG-1042L b": "KMT-2019-BLG-1042L", "KMT-2019-BLG-1339L b": "KMT-2019-BLG-1339L", "KMT-2019-BLG-1367L b": "KMT-2019-BLG-1367L", "KMT-2019-BLG-1552L b": "KMT-2019-BLG-1552L", "KMT-2019-BLG-1715L b": "KMT-2019-BLG-1715L", "KMT-2019-BLG-1806L b": "KMT-2019-BLG-1806L", "KMT-2019-BLG-1953L b": "KMT-2019-BLG-1953L", "KMT-2019-BLG-2974L b": "KMT-2019-BLG-2974L", "KMT-2021-BLG-0119L b": "KMT-2021-BLG-0119L", "KMT-2021-BLG-0171L b": "KMT-2021-BLG-0171L", "KMT-2021-BLG-0192L b": "KMT-2021-BLG-0192L", "KMT-2021-BLG-0240L b": "KMT-2021-BLG-0240L", "KMT-2021-BLG-0320L b": "KMT-2021-BLG-0320L", "KMT-2021-BLG-0322L b": "KMT-2021-BLG-0322L", "KMT-2021-BLG-0748L b": "KMT-2021-BLG-0748L", "KMT-2021-BLG-0912L b": "KMT-2021-BLG-0912L", "KMT-2021-BLG-1253L b": "KMT-2021-BLG-1253L", "KMT-2021-BLG-1303L b": "KMT-2021-BLG-1303L", "KMT-2021-BLG-1372L b": "KMT-2021-BLG-1372L", "KMT-2021-BLG-1391L b": "KMT-2021-BLG-1391L", "KMT-2021-BLG-1554L b": "KMT-2021-BLG-1554L", "KMT-2021-BLG-1689L b": "KMT-2021-BLG-1689L", "KMT-2021-BLG-1898L b": "KMT-2021-BLG-1898L", "KMT-2021-BLG-2294L b": "KMT-2021-BLG-2294L", "KOI-1257 b": "KOI-1257", "KOI-13 b": "KOI-13", "KOI-217 b": "KOI-217", "KOI-3680 b": "KOI-3680", "KOI-4777.01": "KOI-4777", "KOI-7368 b": "KOI-7368", "KOI-7913 b": "KOI-7913 A", "KPS-1 b": "KPS-1", "Kapteyn c": "Kapteyn", "Kepler-1000 b": "Kepler-1000", "Kepler-1002 b": "Kepler-1002", "Kepler-1003 b": "Kepler-1003", "Kepler-1004 b": "Kepler-1004", "Kepler-1005 b": "Kepler-1005", "Kepler-1006 b": "Kepler-1006", "Kepler-1007 b": "Kepler-1007", "Kepler-1008 b": "Kepler-1008", "Kepler-1009 b": "Kepler-1009", "Kepler-1010 b": "Kepler-1010", "Kepler-1011 b": "Kepler-1011", "Kepler-1012 b": "Kepler-1012", "Kepler-1013 b": "Kepler-1013", "Kepler-1014 b": "Kepler-1014", "Kepler-1015 b": "Kepler-1015", "Kepler-1017 b": "Kepler-1017", "Kepler-1018 b": "Kepler-1018", "Kepler-1019 b": "Kepler-1019", "Kepler-1020 b": "Kepler-1020", "Kepler-1021 b": "Kepler-1021", "Kepler-1022 b": "Kepler-1022", "Kepler-1023 b": "Kepler-1023", "Kepler-1024 b": "Kepler-1024", "Kepler-1025 b": "Kepler-1025", "Kepler-1026 b": "Kepler-1026", "Kepler-1027 b": "Kepler-1027", "Kepler-1028 b": "Kepler-1028", "Kepler-1029 b": "Kepler-1029", "Kepler-1030 b": "Kepler-1030", "Kepler-1031 b": "Kepler-1031", "Kepler-1032 b": "Kepler-1032", "Kepler-1033 b": "Kepler-1033", "Kepler-1034 b": "Kepler-1034", "Kepler-1035 b": "Kepler-1035", "Kepler-1036 b": "Kepler-1036", "Kepler-1037 b": "Kepler-1037", "Kepler-1039 b": "Kepler-1039", "Kepler-1040 b": "Kepler-1040", "Kepler-1041 b": "Kepler-1041", "Kepler-1042 b": "Kepler-1042", "Kepler-1043 b": "Kepler-1043", "Kepler-1044 b": "Kepler-1044", "Kepler-1045 b": "Kepler-1045", "Kepler-1046 b": "Kepler-1046", "Kepler-1048 b": "Kepler-1048", "Kepler-1049 b": "Kepler-1049", "Kepler-1051 b": "Kepler-1051", "Kepler-1052 b": "Kepler-1052", "Kepler-1053 b": "Kepler-1053", "Kepler-1054 b": "Kepler-1054", "Kepler-1055 b": "Kepler-1055", "Kepler-1056 b": "Kepler-1056", "Kepler-1057 b": "Kepler-1057", "Kepler-1058 b": "Kepler-1058", "Kepler-1059 b": "Kepler-1059", "Kepler-1060 b": "Kepler-1060", "Kepler-1061 b": "Kepler-1061", "Kepler-1062 b": "Kepler-1062", "Kepler-1063 b": "Kepler-1063", "Kepler-1064 b": "Kepler-1064", "Kepler-1066 b": "Kepler-1066", "Kepler-1068 b": "Kepler-1068", "Kepler-1069 b": "Kepler-1069", "Kepler-1070 b": "Kepler-1070", "Kepler-1071 b": "Kepler-1071", "Kepler-1072 b": "Kepler-1072", "Kepler-1074 b": "Kepler-1074", "Kepler-1075 b": "Kepler-1075", "Kepler-1076 b": "Kepler-1076", "Kepler-1077 b": "Kepler-1077", "Kepler-1078 b": "Kepler-1078", "Kepler-1079 b": "Kepler-1079", "Kepler-1080 b": "Kepler-1080", "Kepler-1081 b": "Kepler-1081", "Kepler-1082 b": "Kepler-1082", "Kepler-1083 b": "Kepler-1083", "Kepler-1084 b": "Kepler-1084", "Kepler-1087 b": "Kepler-1087", "Kepler-1088 b": "Kepler-1088", "Kepler-1089 b": "Kepler-1089", "Kepler-1091 b": "Kepler-1091", "Kepler-1092 b": "Kepler-1092", "Kepler-1094 b": "Kepler-1094", "Kepler-1095 b": "Kepler-1095", "Kepler-1096 b": "Kepler-1096", "Kepler-1097 b": "Kepler-1097", "Kepler-1098 b": "Kepler-1098", "Kepler-1099 b": "Kepler-1099", "Kepler-1100 b": "Kepler-1100", "Kepler-1101 b": "Kepler-1101", "Kepler-1102 b": "Kepler-1102", "Kepler-1103 b": "Kepler-1103", "Kepler-1104 b": "Kepler-1104", "Kepler-1105 b": "Kepler-1105", "Kepler-1106 b": "Kepler-1106", "Kepler-1107 b": "Kepler-1107", "Kepler-1108 b": "Kepler-1108", "Kepler-1109 b": "Kepler-1109", "Kepler-1110 b": "Kepler-1110", "Kepler-1111 b": "Kepler-1111", "Kepler-1112 b": "Kepler-1112", "Kepler-1113 b": "Kepler-1113", "Kepler-1114 b": "Kepler-1114", "Kepler-1115 b": "Kepler-1115", "Kepler-1116 b": "Kepler-1116", "Kepler-1117 b": "Kepler-1117", "Kepler-1118 b": "Kepler-1118", "Kepler-1119 b": "Kepler-1119", "Kepler-1120 b": "Kepler-1120", "Kepler-1121 b": "Kepler-1121", "Kepler-1122 b": "Kepler-1122", "Kepler-1123 b": "Kepler-1123", "Kepler-1124 b": "Kepler-1124", "Kepler-1125 b": "Kepler-1125", "Kepler-1126 b": "Kepler-1126", "Kepler-1127 b": "Kepler-1127", "Kepler-1128 b": "Kepler-1128", "Kepler-1131 b": "Kepler-1131", "Kepler-1132 b": "Kepler-1132", "Kepler-1133 b": "Kepler-1133", "Kepler-1134 b": "Kepler-1134", "Kepler-1135 b": "Kepler-1135", "Kepler-1136 b": "Kepler-1136", "Kepler-1137 b": "Kepler-1137", "Kepler-1138 b": "Kepler-1138", "Kepler-1139 b": "Kepler-1139", "Kepler-1140 b": "Kepler-1140", "Kepler-1141 b": "Kepler-1141", "Kepler-1142 b": "Kepler-1142", "Kepler-1144 b": "Kepler-1144", "Kepler-1145 b": "Kepler-1145", "Kepler-1146 b": "Kepler-1146", "Kepler-1147 b": "Kepler-1147", "Kepler-1148 b": "Kepler-1148", "Kepler-1149 b": "Kepler-1149", "Kepler-1150 b": "Kepler-1150", "Kepler-1151 b": "Kepler-1151", "Kepler-1152 b": "Kepler-1152", "Kepler-1153 b": "Kepler-1153", "Kepler-1155 b": "Kepler-1155", "Kepler-1156 b": "Kepler-1156", "Kepler-1157 b": "Kepler-1157", "Kepler-1158 b": "Kepler-1158", "Kepler-1159 b": "Kepler-1159", "Kepler-1160 b": "Kepler-1160", "Kepler-1161 b": "Kepler-1161", "Kepler-1162 b": "Kepler-1162", "Kepler-1163 b": "Kepler-1163", "Kepler-1164 b": "Kepler-1164", "Kepler-1166 b": "Kepler-1166", "Kepler-1167 b": "Kepler-1167", "Kepler-1168 b": "Kepler-1168", "Kepler-1169 b": "Kepler-1169", "Kepler-1170 b": "Kepler-1170", "Kepler-1171 b": "Kepler-1171", "Kepler-1172 b": "Kepler-1172", "Kepler-1173 b": "Kepler-1173", "Kepler-1174 b": "Kepler-1174", "Kepler-1175 b": "Kepler-1175", "Kepler-1176 b": "Kepler-1176", "Kepler-1177 b": "Kepler-1177", "Kepler-1178 b": "Kepler-1178", "Kepler-1179 b": "Kepler-1179", "Kepler-1180 b": "Kepler-1180", "Kepler-1181 b": "Kepler-1181", "Kepler-1182 b": "Kepler-1182", "Kepler-1183 b": "Kepler-1183", "Kepler-1184 b": "Kepler-1184", "Kepler-1185 b": "Kepler-1185", "Kepler-1186 b": "Kepler-1186", "Kepler-1187 b": "Kepler-1187", "Kepler-1188 b": "Kepler-1188", "Kepler-1189 b": "Kepler-1189", "Kepler-1190 b": "Kepler-1190", "Kepler-1191 b": "Kepler-1191", "Kepler-1192 b": "Kepler-1192", "Kepler-1193 b": "Kepler-1193", "Kepler-1194 b": "Kepler-1194", "Kepler-1195 b": "Kepler-1195", "Kepler-1196 b": "Kepler-1196", "Kepler-1197 b": "Kepler-1197", "Kepler-1198 b": "Kepler-1198", "Kepler-1199 b": "Kepler-1199", "Kepler-12 b": "Kepler-12", "Kepler-1200 b": "Kepler-1200", "Kepler-1201 b": "Kepler-1201", "Kepler-1202 b": "Kepler-1202", "Kepler-1203 b": "Kepler-1203", "Kepler-1204 b": "Kepler-1204", "Kepler-1205 b": "Kepler-1205", "Kepler-1206 b": "Kepler-1206", "Kepler-1207 b": "Kepler-1207", "Kepler-1208 b": "Kepler-1208", "Kepler-1209 b": "Kepler-1209", "Kepler-1210 b": "Kepler-1210", "Kepler-1211 b": "Kepler-1211", "Kepler-1212 b": "Kepler-1212", "Kepler-1213 b": "Kepler-1213", "Kepler-1214 b": "Kepler-1214", "Kepler-1215 b": "Kepler-1215", "Kepler-1216 b": "Kepler-1216", "Kepler-1217 b": "Kepler-1217", "Kepler-1218 b": "Kepler-1218", "Kepler-1219 b": "Kepler-1219", "Kepler-1220 b": "Kepler-1220", "Kepler-1221 b": "Kepler-1221", "Kepler-1222 b": "Kepler-1222", "Kepler-1223 b": "Kepler-1223", "Kepler-1224 b": "Kepler-1224", "Kepler-1225 b": "Kepler-1225", "Kepler-1226 b": "Kepler-1226", "Kepler-1227 b": "Kepler-1227", "Kepler-1228 b": "Kepler-1228", "Kepler-1229 b": "Kepler-1229", "Kepler-1230 b": "Kepler-1230", "Kepler-1231 b": "Kepler-1231", "Kepler-1232 b": "Kepler-1232", "Kepler-1233 b": "Kepler-1233", "Kepler-1234 b": "Kepler-1234", "Kepler-1235 b": "Kepler-1235", "Kepler-1236 b": "Kepler-1236", "Kepler-1237 b": "Kepler-1237", "Kepler-1238 b": "Kepler-1238", "Kepler-1239 b": "Kepler-1239", "Kepler-1240 b": "Kepler-1240", "Kepler-1241 b": "Kepler-1241", "Kepler-1242 b": "Kepler-1242", "Kepler-1243 b": "Kepler-1243", "Kepler-1244 b": "Kepler-1244", "Kepler-1246 b": "Kepler-1246", "Kepler-1247 b": "Kepler-1247", "Kepler-1248 b": "Kepler-1248", "Kepler-1249 b": "Kepler-1249", "Kepler-1250 b": "Kepler-1250", "Kepler-1251 b": "Kepler-1251", "Kepler-1252 b": "Kepler-1252", "Kepler-1253 b": "Kepler-1253", "Kepler-1255 b": "Kepler-1255", "Kepler-1256 b": "Kepler-1256", "Kepler-1257 b": "Kepler-1257", "Kepler-1258 b": "Kepler-1258", "Kepler-1259 b": "Kepler-1259", "Kepler-1260 b": "Kepler-1260", "Kepler-1261 b": "Kepler-1261", "Kepler-1262 b": "Kepler-1262", "Kepler-1263 b": "Kepler-1263", "Kepler-1264 b": "Kepler-1264", "Kepler-1265 b": "Kepler-1265", "Kepler-1267 b": "Kepler-1267", "Kepler-1268 b": "Kepler-1268", "Kepler-1269 b": "Kepler-1269", "Kepler-1270 b": "Kepler-1270", "Kepler-1271 b": "Kepler-1271", "Kepler-1272 b": "Kepler-1272", "Kepler-1273 b": "Kepler-1273", "Kepler-1274 b": "Kepler-1274", "Kepler-1275 b": "Kepler-1275", "Kepler-1276 b": "Kepler-1276", "Kepler-1277 b": "Kepler-1277", "Kepler-1278 b": "Kepler-1278", "Kepler-1279 b": "Kepler-1279", "Kepler-1280 b": "Kepler-1280", "Kepler-1281 b": "Kepler-1281", "Kepler-1282 b": "Kepler-1282", "Kepler-1283 b": "Kepler-1283", "Kepler-1284 b": "Kepler-1284", "Kepler-1285 b": "Kepler-1285", "Kepler-1286 b": "Kepler-1286", "Kepler-1287 b": "Kepler-1287", "Kepler-1288 b": "Kepler-1288", "Kepler-1289 b": "Kepler-1289", "Kepler-1290 b": "Kepler-1290", "Kepler-1291 b": "Kepler-1291", "Kepler-1292 b": "Kepler-1292", "Kepler-1293 b": "Kepler-1293", "Kepler-1294 b": "Kepler-1294", "Kepler-1295 b": "Kepler-1295", "Kepler-1296 b": "Kepler-1296", "Kepler-1297 b": "Kepler-1297", "Kepler-1298 b": "Kepler-1298", "Kepler-1299 b": "Kepler-1299", "Kepler-1300 b": "Kepler-1300", "Kepler-1301 b": "Kepler-1301", "Kepler-1302 b": "Kepler-1302", "Kepler-1303 b": "Kepler-1303", "Kepler-1304 b": "Kepler-1304", "Kepler-1305 b": "Kepler-1305", "Kepler-1306 b": "Kepler-1306", "Kepler-1307 b": "Kepler-1307", "Kepler-1308 b": "Kepler-1308", "Kepler-1309 b": "Kepler-1309", "Kepler-1310 b": "Kepler-1310", "Kepler-1313 b": "Kepler-1313", "Kepler-1314 b": "Kepler-1314", "Kepler-1316 b": "Kepler-1316", "Kepler-1317 b": "Kepler-1317", "Kepler-1318 b": "Kepler-1318", "Kepler-1319 b": "Kepler-1319", "Kepler-1320 b": "Kepler-1320", "Kepler-1323 b": "Kepler-1323", "Kepler-1324 b": "Kepler-1324", "Kepler-1325 b": "Kepler-1325", "Kepler-1326 b": "Kepler-1326", "Kepler-1327 b": "Kepler-1327", "Kepler-1328 b": "Kepler-1328", "Kepler-1329 b": "Kepler-1329", "Kepler-1330 b": "Kepler-1330", "Kepler-1331 b": "Kepler-1331", "Kepler-1332 b": "Kepler-1332", "Kepler-1333 b": "Kepler-1333", "Kepler-1334 b": "Kepler-1334", "Kepler-1335 b": "Kepler-1335", "Kepler-1337 b": "Kepler-1337", "Kepler-1338 b": "Kepler-1338", "Kepler-1339 b": "Kepler-1339", "Kepler-1340 b": "Kepler-1340", "Kepler-1341 b": "Kepler-1341", "Kepler-1342 b": "Kepler-1342", "Kepler-1343 b": "Kepler-1343", "Kepler-1344 b": "Kepler-1344", "Kepler-1345 b": "Kepler-1345", "Kepler-1346 b": "Kepler-1346", "Kepler-1347 b": "Kepler-1347", "Kepler-1348 b": "Kepler-1348", "Kepler-1349 b": "Kepler-1349", "Kepler-1351 b": "Kepler-1351", "Kepler-1352 b": "Kepler-1352", "Kepler-1353 b": "Kepler-1353", "Kepler-1354 b": "Kepler-1354", "Kepler-1355 b": "Kepler-1355", "Kepler-1356 b": "Kepler-1356", "Kepler-1357 b": "Kepler-1357", "Kepler-1358 b": "Kepler-1358", "Kepler-1359 b": "Kepler-1359", "Kepler-1360 b": "Kepler-1360", "Kepler-1361 b": "Kepler-1361", "Kepler-1362 b": "Kepler-1362", "Kepler-1363 b": "Kepler-1363", "Kepler-1364 b": "Kepler-1364", "Kepler-1366 b": "Kepler-1366", "Kepler-1367 b": "Kepler-1367", "Kepler-1368 b": "Kepler-1368", "Kepler-1369 b": "Kepler-1369", "Kepler-1372 b": "Kepler-1372", "Kepler-1373 b": "Kepler-1373", "Kepler-1374 b": "Kepler-1374", "Kepler-1375 b": "Kepler-1375", "Kepler-1376 b": "Kepler-1376", "Kepler-1377 b": "Kepler-1377", "Kepler-1378 b": "Kepler-1378", "Kepler-1379 b": "Kepler-1379", "Kepler-1380 b": "Kepler-1380", "Kepler-1381 b": "Kepler-1381", "Kepler-1382 b": "Kepler-1382", "Kepler-1383 b": "Kepler-1383", "Kepler-1384 b": "Kepler-1384", "Kepler-1385 b": "Kepler-1385", "Kepler-1386 b": "Kepler-1386", "Kepler-1387 b": "Kepler-1387", "Kepler-1389 b": "Kepler-1389", "Kepler-1390 b": "Kepler-1390", "Kepler-1391 b": "Kepler-1391", "Kepler-1392 b": "Kepler-1392", "Kepler-1393 b": "Kepler-1393", "Kepler-1394 b": "Kepler-1394", "Kepler-1395 b": "Kepler-1395", "Kepler-1396 b": "Kepler-1396", "Kepler-1397 b": "Kepler-1397", "Kepler-1399 b": "Kepler-1399", "Kepler-14 b": "Kepler-14", "Kepler-1400 b": "Kepler-1400", "Kepler-1401 b": "Kepler-1401", "Kepler-1402 b": "Kepler-1402", "Kepler-1403 b": "Kepler-1403", "Kepler-1404 b": "Kepler-1404", "Kepler-1405 b": "Kepler-1405", "Kepler-1406 b": "Kepler-1406", "Kepler-1407 b": "Kepler-1407", "Kepler-1408 b": "Kepler-1408", "Kepler-1409 b": "Kepler-1409", "Kepler-1410 b": "Kepler-1410", "Kepler-1411 b": "Kepler-1411", "Kepler-1412 b": "Kepler-1412", "Kepler-1413 b": "Kepler-1413", "Kepler-1414 b": "Kepler-1414", "Kepler-1415 b": "Kepler-1415", "Kepler-1416 b": "Kepler-1416", "Kepler-1417 b": "Kepler-1417", "Kepler-1418 b": "Kepler-1418", "Kepler-1419 b": "Kepler-1419", "Kepler-1420 b": "Kepler-1420", "Kepler-1421 b": "Kepler-1421", "Kepler-1422 b": "Kepler-1422", "Kepler-1423 b": "Kepler-1423", "Kepler-1424 b": "Kepler-1424", "Kepler-1425 b": "Kepler-1425", "Kepler-1426 b": "Kepler-1426", "Kepler-1427 b": "Kepler-1427", "Kepler-1428 b": "Kepler-1428", "Kepler-1429 b": "Kepler-1429", "Kepler-1430 b": "Kepler-1430", "Kepler-1431 b": "Kepler-1431", "Kepler-1432 b": "Kepler-1432", "Kepler-1433 b": "Kepler-1433", "Kepler-1434 b": "Kepler-1434", "Kepler-1435 b": "Kepler-1435", "Kepler-1436 b": "Kepler-1436", "Kepler-1437 b": "Kepler-1437", "Kepler-1438 b": "Kepler-1438", "Kepler-1439 b": "Kepler-1439", "Kepler-1440 b": "Kepler-1440", "Kepler-1441 b": "Kepler-1441", "Kepler-1442 b": "Kepler-1442", "Kepler-1443 b": "Kepler-1443", "Kepler-1444 b": "Kepler-1444", "Kepler-1445 b": "Kepler-1445", "Kepler-1446 b": "Kepler-1446", "Kepler-1447 b": "Kepler-1447", "Kepler-1448 b": "Kepler-1448", "Kepler-1449 b": "Kepler-1449", "Kepler-1450 b": "Kepler-1450", "Kepler-1451 b": "Kepler-1451", "Kepler-1452 b": "Kepler-1452", "Kepler-1453 b": "Kepler-1453", "Kepler-1454 b": "Kepler-1454", "Kepler-1455 b": "Kepler-1455", "Kepler-1456 b": "Kepler-1456", "Kepler-1457 b": "Kepler-1457", "Kepler-1458 b": "Kepler-1458", "Kepler-1459 b": "Kepler-1459", "Kepler-1460 b": "Kepler-1460", "Kepler-1461 b": "Kepler-1461", "Kepler-1462 b": "Kepler-1462", "Kepler-1463 b": "Kepler-1463", "Kepler-1465 b": "Kepler-1465", "Kepler-1466 b": "Kepler-1466", "Kepler-1467 b": "Kepler-1467", "Kepler-1469 b": "Kepler-1469", "Kepler-1470 b": "Kepler-1470", "Kepler-1471 b": "Kepler-1471", "Kepler-1472 b": "Kepler-1472", "Kepler-1473 b": "Kepler-1473", "Kepler-1474 b": "Kepler-1474", "Kepler-1475 b": "Kepler-1475", "Kepler-1476 b": "Kepler-1476", "Kepler-1477 b": "Kepler-1477", "Kepler-1478 b": "Kepler-1478", "Kepler-1479 b": "Kepler-1479", "Kepler-1480 b": "Kepler-1480", "Kepler-1481 b": "Kepler-1481", "Kepler-1482 b": "Kepler-1482"}