{"55 Cnc b": "55 Cnc", "55 Cnc c": "55 Cnc", "55 Cnc d": "55 Cnc", "55 Cnc e": "55 Cnc", "55 Cnc f": "55 Cnc", "DMPP-1 b": "DMPP-1", "DMPP-1 c": "DMPP-1", "DMPP-1 d": "DMPP-1", "DMPP-1 e": "DMPP-1", "GJ 3293 b": "GJ 3293", "GJ 3293 c": "GJ 3293", "GJ 3293 d": "GJ 3293", "GJ 3293 e": "GJ 3293", "GJ 667 C b": "GJ 667 C", "GJ 667 C c": "GJ 667 C", "GJ 667 C e": "GJ 667 C", "GJ 667 C f": "GJ 667 C", "GJ 667 C g": "GJ 667 C", "GJ 676 A b": "GJ 676 A", "GJ 676 A c": "GJ 676 A", "GJ 676 A d": "GJ 676 A", "GJ 676 A e": "GJ 676 A", "GJ 876 b": "GJ 876", "GJ 876 c": "GJ 876", "GJ 876 d": "GJ 876", "GJ 876 e": "GJ 876", "HD 10180 c": "HD 10180", "HD 10180 d": "HD 10180", "HD 10180 e": "HD 10180", "HD 10180 f": "HD 10180", "HD 10180 g": "HD 10180", "HD 10180 h": "HD 10180", "HD 108236 b": "HD 108236", "HD 108236 c": "HD 108236", "HD 108236 d": "HD 108236", "HD 108236 e": "HD 108236", "HD 108236 f": "HD 108236", "HD 141399 b": "HD 141399", "HD 141399 c": "HD 141399", "HD 141399 d": "HD 141399", "HD 141399 e": "HD 141399", "HD 158259 b": "HD 158259", "HD 158259 c": "HD 158259", "HD 158259 d": "HD 158259", "HD 158259 e": "HD 158259", "HD 158259 f": "HD 158259", "HD 160691 b": "HD 160691", "HD 160691 c": "HD 160691", "HD 160691 d": "HD 160691", "HD 160691 e": "HD 160691", "HD 164922 b": "HD 164922", "HD 164922 c": "HD 164922", "HD 164922 d": "HD 164922", "HD 164922 e": "HD 164922", "HD 191939 b": "HD 191939", "HD 191939 c": "HD 191939", "HD 191939 d": "HD 191939", "HD 191939 e": "HD 191939", "HD 191939 f": "HD 191939", "HD 20781 b": "HD 20781", "HD 20781 c": "HD 20781", "HD 20781 d": "HD 20781", "HD 20781 e": "HD 20781", "HD 20794 b": "HD 20794", "HD 20794 c": "HD 20794", "HD 20794 d": "HD 20794", "HD 20794 e": "HD 20794", "HD 215152 b": "HD 215152", "HD 215152 c": "HD 215152", "HD 215152 d": "HD 215152", "HD 215152 e": "HD 215152", "HD 219134 b": "HD 219134", "HD 219134 c": "HD 219134",, "HD 219134 d": "HD 219134", "HD 219134 f": "HD 219134", "HD 219134 g": "HD 219134", "HD 219134 h": "HD 219134", "HD 23472 b": "HD 23472", "HD 23472 c": "HD 23472", "HD 23472 d": "HD 23472", "HD 23472 e": "HD 23472", "HD 23472 f": "HD 23472", "HD 34445 b": "HD 34445", "HD 34445 c": "HD 34445", "HD 34445 d": "HD 34445", "HD 34445 e": "HD 34445", "HD 34445 f": "HD 34445", "HD 34445 g": "HD 34445", "HD 40307 b": "HD 40307", "HD 40307 c": "HD 40307", "HD 40307 d": "HD 40307", "HD 40307 f": "HD 40307", "HD 40307 g": "HD 40307", "HIP 41378 b": "HIP 41378", "HIP 41378 c": "HIP 41378", "HIP 41378 d": "HIP 41378", "HIP 41378 e": "HIP 41378", "HIP 41378 f": "HIP 41378", "HR 8799 b": "HR 8799", "HR 8799 c": "HR 8799", "HR 8799 d": "HR 8799", "HR 8799 e": "HR 8799", "K2-133 b": "K2-133", "K2-133 c": "K2-133", "K2-133 d": "K2-133", "K2-133 e": "K2-133", "K2-138 b": "K2-138", "K2-138 c": "K2-138", "K2-138 d": "K2-138", "K2-138 e": "K2-138", "K2-138 f": "K2-138", "K2-138 g": "K2-138", "K2-187 b": "K2-187", "K2-187 c": "K2-187", "K2-187 d": "K2-187", "K2-187 e": "K2-187", "K2-266 b": "K2-266", "K2-266 c": "K2-266", "K2-266 d": "K2-266", "K2-266 e": "K2-266", "K2-268 b": "K2-268", "K2-268 c": "K2-268",:, "K2-268 d": "K2-268", "K2-268 e": "K2-268", "K2-268 f": "K2-268", "K2-285 b": "K2-285", "K2-285 c": "K2-285", "K2-285 d": "K2-285", "K2-285 e": "K2-285", "K2-32 b": "K2-32", "K2-32 c": "K2-32", "K2-32 d": "K2-32", "K2-32 e": "K2-32", "K2-384 b": "K2-384", "K2-384 c": "K2-384", "K2-384 d": "K2-384", "K2-384 e": "K2-384", "K2-384 f": "K2-384", "K2-72 b": "K2-72", "K2-72 c": "K2-72", "K2-72 d": "K2-72", "K2-72 e": "K2-72", "KOI-1831 d": "Kepler-324", "KOI-94 b": "KOI-94", "KOI-94 c": "KOI-94", "KOI-94 d": "KOI-94", "KOI-94 e": "KOI-94", "Kepler-102 b": "Kepler-102", "Kepler-102 c": "Kepler-102", "Kepler-102 d": "Kepler-102", "Kepler-102 e": "Kepler-102", "Kepler-102 f": "Kepler-102", "Kepler-106 b": "Kepler-106", "Kepler-106 c": "Kepler-106", "Kepler-106 d": "Kepler-106", "Kepler-106 e": "Kepler-106", "Kepler-107 b": "Kepler-107", "Kepler-107 c": "Kepler-107", "Kepler-107 d": "Kepler-107", "Kepler-107 e": "Kepler-107", "Kepler-11 b": "Kepler-11", "Kepler-11 c": "Kepler-11", "Kepler-11 d": "Kepler-11", "Kepler-11 e": "Kepler-11", "Kepler-11 f": "Kepler-11", "Kepler-11 g": "Kepler-11", "Kepler-122 b": "Kepler-122", "Kepler-122 c": "Kepler-122", "Kepler-122 d": "Kepler-122", "Kepler-122 e": "Kepler-122", "Kepler-122 f": "Kepler-122", "Kepler-132 b": "Kepler-132", "Kepler-132 c"}: "Kepler-132", "Kepler-132 d": "Kepler-132", "Kepler-132 e": "Kepler-132", "Kepler-1388 b": "Kepler-1388", "Kepler-1388 c": "Kepler-1388", "Kepler-1388 d": "Kepler-1388", "Kepler-1388 e": "Kepler-1388", "Kepler-150 b": "Kepler-150", "Kepler-150 c": "Kepler-150", "Kepler-150 d": "Kepler-150", "Kepler-150 e": "Kepler-150", "Kepler-150 f": "Kepler-150", "Kepler-154 b": "Kepler-154", "Kepler-154 c": "Kepler-154", "Kepler-154 d": "Kepler-154", "Kepler-154 e": "Kepler-154", "Kepler-154 f": "Kepler-154", "Kepler-1542 b": "Kepler-1542", "Kepler-1542 c": "Kepler-1542", "Kepler-1542 d": "Kepler-1542", "Kepler-1542 e": "Kepler-1542", "Kepler-167 b": "Kepler-167", "Kepler-167 c": "Kepler-167", "Kepler-167 d": "Kepler-167", "Kepler-167 e": "Kepler-167", "Kepler-169 b": "Kepler-169", "Kepler-169 c": "Kepler-169", "Kepler-169 d": "Kepler-169", "Kepler-169 e": "Kepler-169", "Kepler-169 f": "Kepler-169", "Kepler-172 b": "Kepler-172", "Kepler-172 c": "Kepler-172", "Kepler-172 d": "Kepler-172", "Kepler-172 e": "Kepler-172", "Kepler-176 b": "Kepler-176", "Kepler-176 c": "Kepler-176", "Kepler-176 d": "Kepler-176", "Kepler-176 e": "Kepler-176", "Kepler-186 b": "Kepler-186", "Kepler-186 c": "Kepler-186", "Kepler-186 d": "Kepler-186", "Kepler-186 e": "Kepler-186", "Kepler-186 f": "Kepler-186", "Kepler-197 b": "Kepler-197", "Kepler-197 c": "Kepler-197", "Kepler-197 d": "Kepler-197", "Kepler-197 e": "Kepler-197", "Kepler-20 b": "Kepler-20", "Kepler-20 c": "Kepler-20", "Kepler-20 d": "Kepler-20", "Kepler-20 e": "Kepler-20", "Kepler-20 f": "Kepler-20", "Kepler-20 g": "Kepler-20", "Kepler-208 b": "Kepler-208", "Kepler-208 c": "Kepler-208", "Kepler-208 d": "Kepler-208", "Kepler-208 e": "Kepler-208", "Kepler-215 b": "Kepler-215", "Kepler-215 c": "Kepler-215", "Kepler-215 d": "Kepler-215", "Kepler-215 e": "Kepler-215", "Kepler-220 b": "Kepler-220", "Kepler-220 c": "Kepler-220", "Kepler-220 d": "Kepler-220", "Kepler-220 e": "Kepler-220", "Kepler-221 b": "Kepler-221", "Kepler-221 c": "Kepler-221", "Kepler-221 d": "Kepler-221", "Kepler-221 e": "Kepler-221", "Kepler-223 b": "Kepler-223", "Kepler-223 c": "Kepler-223", "Kepler-223 d": "Kepler-223", "Kepler-223 e": "Kepler-223", "Kepler-224 b": "Kepler-224", "Kepler-224 c": "Kepler-224", "Kepler-224 d": "Kepler-224", "Kepler-224 e": "Kepler-224", "Kepler-235 b": "Kepler-235", "Kepler-235 c": "Kepler-235", "Kepler-235 d": "Kepler-235", "Kepler-235 e": "Kepler-235", "Kepler-238 b": "Kepler-238", "Kepler-238 c": "Kepler-238", "Kepler-238 d": "Kepler-238", "Kepler-238 e": "Kepler-238", "Kepler-238 f": "Kepler-238", "Kepler-24 b": "Kepler-24", "Kepler-24 c": "Kepler-24", "Kepler-24 d": "Kepler-24", "Kepler-24 e": "Kepler-24", "Kepler-245 b": "Kepler-245", "Kepler-245 c": "Kepler-245", "Kepler-245 d": "Kepler-245", "Kepler-245 e": "Kepler-245", "Kepler-251 b": "Kepler-251", "Kepler-251 c": "Kepler-251", "Kepler-251 d": "Kepler-251", "Kepler-251 e": "Kepler-251", "Kepler-256 b": "Kepler-256", "Kepler-256 c": "Kepler-256", "Kepler-256 d": "Kepler-256", "Kepler-256 e": "Kepler-256", "Kepler-26 b": "Kepler-26", "Kepler-26 c": "Kepler-26", "Kepler-26 d": "Kepler-26", "Kepler-26 e": "Kepler-26", "Kepler-265 b": "Kepler-265", "Kepler-265 c": "Kepler-265", "Kepler-265 d": "Kepler-265", "Kepler-265 e": "Kepler-265", "Kepler-282 b": "Kepler-282", "Kepler-282 c": "Kepler-282", "Kepler-282 d": "Kepler-282", "Kepler-282 e": "Kepler-282", "Kepler-286 b": "Kepler-286", "Kepler-286 c": "Kepler-286", "Kepler-286 d": "Kepler-286", "Kepler-286 e": "Kepler-286", "Kepler-292 b": "Kepler-292", "Kepler-292 c": "Kepler-292", "Kepler-292 d": "Kepler-292", "Kepler-292 e": "Kepler-292", "Kepler-292 f": "Kepler-292", "Kepler-296 b": "Kepler-296", "Kepler-296 c": "Kepler-296", "Kepler-296 d": "Kepler-296", "Kepler-296 e": "Kepler-296", "Kepler-296 f": "Kepler-296", "Kepler-299 b": "Kepler-299", "Kepler-299 c": "Kepler-299", "Kepler-299 d": "Kepler-299", "Kepler-299 e": "Kepler-299", "Kepler-304 b": "Kepler-304", "Kepler-304 c": "Kepler-304", "Kepler-304 d": "Kepler-304", "Kepler-304 e": "Kepler-304", "Kepler-305 b": "Kepler-305", "Kepler-305 c": "Kepler-305", "Kepler-305 d": "Kepler-305", "Kepler-305 e": "Kepler-305", "Kepler-306 b": "Kepler-306", "Kepler-306 c": "Kepler-306", "Kepler-306 d": "Kepler-306", "Kepler-306 e": "Kepler-306", "Kepler-32 b": "Kepler-32", "Kepler-32 c": "Kepler-32", "Kepler-32 d": "Kepler-32", "Kepler-32 e": "Kepler-32", "Kepler-32 f": "Kepler-32", "Kepler-324 b": "Kepler-324", "Kepler-324 c": "Kepler-324", "Kepler-324 e": "Kepler-324", "Kepler-33 b": "Kepler-33", "Kepler-33 c": "Kepler-33", "Kepler-33 d": 'Kepler-33', "Kepler-33 e": "Kepler-33", "Kepler-33 f": "Kepler-33", "Kepler-338 b": "Kepler-338", "Kepler-338 c": "Kepler-338", "Kepler-338 d": "Kepler-338", "Kepler-338 e": "Kepler-338", "Kepler-341 b": "Kepler-341", "Kepler-341 c": "Kepler-341", "Kepler-341 d": "Kepler-341", "Kepler-341 e": "Kepler-341", "Kepler-342 b": "Kepler-342", "Kepler-342 c": "Kepler-342", "Kepler-342 d": "Kepler-342", "Kepler-342 e": "Kepler-342", "Kepler-37 b": "Kepler-37", "Kepler-37 c": "Kepler-37", "Kepler-37 d": "Kepler-37", "Kepler-37 e": "Kepler-37", "Kepler-402 b": "Kepler-402", "Kepler-402 c": "Kepler-402", "Kepler-402 d": "Kepler-402", "Kepler-402 e": "Kepler-402", "Kepler-411 b": "Kepler-411", "Kepler-411 c": "Kepler-411", "Kepler-411 d": "Kepler-411", "Kepler-411 e": "Kepler-411", "Kepler-444 b": "Kepler-444", "Kepler-444 c": "Kepler-444", "Kepler-444 d": "Kepler-444", "Kepler-444 e": "Kepler-444", "Kepler-444 f": "Kepler-444", "Kepler-48 b": "Kepler-48", "Kepler-48 c": "Kepler-48", "Kepler-48 d": "Kepler-48", "Kepler-48 e": "Kepler-48", "Kepler-49 b": "Kepler-49", "Kepler-49 c": "Kepler-49", "Kepler-49 d": "Kepler-49", "Kepler-49 e": "Kepler-49", "Kepler-55 b": "Kepler-55", "Kepler-55 c": "Kepler-55", "Kepler-55 d": "Kepler-55", "Kepler-55 e": "Kepler-55", "Kepler-55 f": "Kepler-55", "Kepler-62 b": "Kepler-62", "Kepler-62 c": "Kepler-62", "Kepler-62 d": "Kepler-62", "Kepler-62 e": "Kepler-62", "Kepler-62 f": "Kepler-62", "Kepler-65 b": "Kepler-65", "Kepler-65 c": "Kepler-65", "Kepler-65 d": "Kepler-65", "Kepler-65 e": "Kepler-65", "Kepler-758 b": "Kepler-758", "Kepler-758 c": "Kepler-758", "Kepler-758 d": "Kepler-758", "Kepler-758 e": "Kepler-758", "Kepler-79 b": "Kepler-79", "Kepler-79 c": "Kepler-79", "Kepler-79 d": "Kepler-79", "Kepler-79 e": "Kepler-79", "Kepler-80 b": "Kepler-80", "Kepler-80 c": "Kepler-80", "Kepler-80 d": "Kepler-80", "Kepler-80 e": "Kepler-80", "Kepler-80 f": "Kepler-80", "Kepler-80 g": "Kepler-80", "Kepler-82 b": "Kepler-82", "Kepler-82 c": "Kepler-82", "Kepler-82 d": "Kepler-82", "Kepler-82 e": "Kepler-82", "Kepler-82 f": "Kepler-82", "Kepler-84 b": "Kepler-84", "Kepler-84 c": "Kepler-84", "Kepler-84 d": "Kepler-84", "Kepler-84 e": "Kepler-84", "Kepler-84 f": "Kepler-84", "Kepler-85 b": "Kepler-85", "Kepler-85 c": "Kepler-85", "Kepler-85 d": "Kepler-85", "Kepler-85 e": "Kepler-85", "L 98-59 b": "L 98-59", "L 98-59 c": "L 98-59", "L 98-59 d": "L 98-59", "L 98-59 e": "L 98-59", "TOI-1246 b": "TOI-1246", "TOI-1246 c": "TOI-1246", "TOI-1246 d": "TOI-1246", "TOI-1246 e": "TOI-1246", "TOI-178 b": "TOI-178", "TOI-178 c": "TOI-178", "TOI-178 d": "TOI-178", "TOI-178 e": "TOI-178", "TOI-178 f": "TOI-178", "TOI-178 g": "TOI-178", "TOI-500 b": "TOI-500", "TOI-500 c": "TOI-500", "TOI-500 d": "TOI-500", "TOI-500 e": "TOI-500", "TOI-561 b": "TOI-561", "TOI-561 c": "TOI-561", "TOI-561 d": "TOI-561", "TOI-561 e": "TOI-561", "TOI-561 f": "TOI-561", "TRAPPIST-1 b": "TRAPPIST-1", "TRAPPIST-1 c": "TRAPPIST-1", "TRAPPIST-1 d": "TRAPPIST-1", "TRAPPIST-1 e": "TRAPPIST-1", "TRAPPIST-1 f": "TRAPPIST-1", "TRAPPIST-1 g": "TRAPPIST-1", "TRAPPIST-1 h": "TRAPPIST-1", "V1298 Tau b": "V1298 Tau", "V1298 Tau c": "V1298 Tau", "V1298 Tau d": "V1298 Tau", "V1298 Tau e": "V1298 Tau", "WASP-47 b": "WASP-47", "WASP-47 c": "WASP-47", "WASP-47 d": "WASP-47", "WASP-47 e": "WASP-47", "tau Cet e": "tau Cet":, "tau Cet f": "tau Cet", "tau Cet g": "tau Cet", "tau Cet h": "tau Cet"}{};
